nome_pt;nome_es;categoria;descricao_pt;descricao_es;ano;foto;credito_foto;foto_link;fonte;lat;lon;exemplo
Parque Nacional Cerro Corá;Parque Nacional Cerro Corá;historia;Último cenário da Guerra da Tríplice Aliança: ali morreu o Mariscal Francisco Solano López, em 1º de março de 1870. O parque foi criado em 1976 e fica a cerca de 40 km de Pedro Juan Caballero. Tem centro de visitantes, museu, trilhas e o rio Aquidabán.;Último escenario de la Guerra de la Triple Alianza: allí murió el Mariscal Francisco Solano López, el 1 de marzo de 1870. El parque fue creado en 1976 y está a unos 40 km de Pedro Juan Caballero. Tiene centro de visitantes, museo, senderos y el río Aquidabán.;1976;cerro-cora-aquidaban.jpg;Cmasi · CC0 · Wikimedia Commons;https://commons.wikimedia.org/wiki/File:Aquidaban_river_in_Cerro_Cora_133358.jpg;https://www.lanacion.com.py/negocios/2024/11/25/amambay-4-atractivos-imperdibles-en-su-capital-y-alrededores/;-22.65128;-56.02611;
Cruz do Mariscal López e de Panchito López;Cruz del Mariscal López y de Panchito López;historia;Lugar de sepultura do Mariscal Francisco Solano López e de seu filho, o Coronel Panchito López, mortos em 1º de março de 1870. A cruz dupla, com fonte de água e iluminação, foi restaurada em 2020, nos 150 anos do fim da guerra.;Lugar de sepultura del Mariscal Francisco Solano López y de su hijo, el Coronel Panchito López, muertos el 1 de marzo de 1870. La doble cruz, con fuente de agua e iluminación, fue restaurada en 2020, en el sesquicentenario del fin de la guerra.;1870;cruz-lopez-panchito.jpg;Cmasi · CC0 · Wikimedia Commons;https://commons.wikimedia.org/wiki/File:The_Cross_at_Cerro_Cora_134228.jpg;https://cultura.gov.py/2020/03/con-obras-y-diversas-actividades-comision-del-sesquicentenario-y-la-snc-rindieron-homenaje-a-los-heroes/;-22.63261;-56.02355;
Mirante do Cerro Muralla;Mirador Cerro Muralla;natureza;Mirante do Parque Cerro Corá, com vista panorâmica da serra. O paredão de pedra parece um muro construído.;Mirador del Parque Cerro Corá, con vista panorámica de la cordillera. La pared de piedra parece un muro construido.;;cerro-muralla-vista.jpg;Bolívar R. Garcete-Barrett · livre com atribuição · Wikimedia Commons;https://commons.wikimedia.org/wiki/File:Image-CerroCora_DesdeCerroMuralla.jpg;https://www.lanacion.com.py/negocios/2024/11/25/amambay-4-atractivos-imperdibles-en-su-capital-y-alrededores/;-22.66106;-55.98308;
Arte rupestre de Amambay;Arte rupestre de Amambay;historia;Nos cerros da região do Parque Cerro Corá há gravuras e pinturas rupestres pré-colombianas, deixadas pelos primeiros habitantes indígenas. Na foto, uma gravura de um cerro de Amambay.;En los cerros de la zona del Parque Cerro Corá hay grabados y pinturas rupestres precolombinas, dejadas por los primeros habitantes indígenas. En la foto, un grabado de un cerro de Amambay.;;arte-rupestre-amambay.jpg;FrankOWeaver · CC BY-SA 4.0 · Wikimedia Commons;https://commons.wikimedia.org/wiki/File:Rock_Art_from_Akua_1_Hill_in_Amambay,_Paraguay.JPG;https://es.wikipedia.org/wiki/Parque_nacional_Cerro_Cor%C3%A1;-22.6542;-56.0072;
Laguna Punta Porã;Laguna Punta Porã;historia;Considerada a origem da cidade: por volta de 1800, as carretas que levavam erva-mate paravam ali para descansar. No local fica o Monumento ao Pioneiro.;Considerada el origen de la ciudad: alrededor de 1800, las carretas que llevaban yerba mate se detenían allí a descansar. Allí está el Monumento al Pionero.;c. 1800;laguna-punta-pora-entardecer.jpg;Rodney Damián · CC BY-SA 3.0 · Wikimedia Commons;https://commons.wikimedia.org/wiki/File:Laguna_Punta_Pora,_Pedro_Juan_Caballero_-_panoramio.jpg;https://www.senatur.gov.py/noticias/date-una-vuelta-por-pedro-juan-caballero;-22.53654;-55.73532;
Estátua de Pedro Juan Caballero;Estatua de Pedro Juan Caballero;marco;Na Plaza Pedro Juan Caballero, a estátua homenageia o prócer da independência do Paraguai, de 1811, que dá nome à cidade.;En la Plaza Pedro Juan Caballero, la estatua homenajea al prócer de la independencia paraguaya de 1811 que da nombre a la ciudad.;;estatua-pedro-juan-caballero.jpg;Cmasi · CC BY-SA 4.0 · Wikimedia Commons;https://commons.wikimedia.org/wiki/File:Pedro_Juan_Caballero_statue_in_PJC_plaza.jpg;https://www.senatur.gov.py/noticias/date-una-vuelta-por-pedro-juan-caballero;-22.5418;-55.73254;
Monumento da Amizade · Bienvenidos a PJC;Monumento a la Amistad · Bienvenidos a PJC;marco;Na entrada de Pedro Juan Caballero, duas figuras com as cores do Brasil e do Paraguai. A placa diz: “Testemunho da amizade de dois povos, unidos pela natureza e a cordialidade de seus habitantes”.;En la entrada de Pedro Juan Caballero, dos figuras con los colores de Brasil y Paraguay. La placa (en portugués) dice: «Testimonio de la amistad de dos pueblos, unidos por la naturaleza y la cordialidad de sus habitantes».;;monumento-da-amizade.jpg;Mirian Niz;;;-22.54391;-55.72843;
Monumento da Amizade · Bem-vindos a Ponta Porã;Monumento a la Amistad · Bem-vindos a Ponta Porã;marco;"O gêmeo do outro Monumento da Amizade: as mesmas duas figuras com as cores do Brasil e do Paraguai. Uma face dá boas-vindas a Ponta Porã; a outra, a Pedro Juan Caballero.";"El gemelo del otro Monumento a la Amistad: las mismas dos figuras con los colores de Brasil y Paraguay. Una cara da la bienvenida a Ponta Porã; la otra, a Pedro Juan Caballero.";;monumento-da-amizade-2.jpg;Mirian Niz;;;-22.53892;-55.73075;
Monumento das Cuias;Monumento de las Cuias;marco;"Na entrada de Ponta Porã, no Jardim Universitário: de um lado a cuia do tereré, que representa o Paraguai; do outro, a do chimarrão. É o símbolo da integração entre os dois países.";"En la entrada de Ponta Porã, en el Jardim Universitário: de un lado la guampa del tereré, que representa a Paraguay; del otro, la cuia del chimarrão. Es el símbolo de la integración entre los dos países.";;monumento-das-cuias-flores.jpg;Renato Dorta (editada com IA);;https://www.pontaporainforma.com.br/ponta-pora-fusao-de-cidades-fronteiricas-e-delicias-culturais/;-22.56293;-55.69833;
Portal de Ponta Porã;Portal de Ponta Porã;marco;Portal de boas-vindas na rodovia MS-164, na chegada a Ponta Porã.;Portal de bienvenida en la ruta MS-164, a la llegada a Ponta Porã.;;portal-ponta-pora.jpg;Cmasi · CC BY-SA 4.0 · Wikimedia Commons;https://commons.wikimedia.org/wiki/File:Welcome_arch_to_Ponta_Pora_100822.jpg;;-22.47899;-55.75283;
Igreja São José;Iglesia São José;fe;Igreja de São José, em Ponta Porã.;Iglesia de San José (São José), en Ponta Porã.;;igreja-sao-jose.jpg;Cmasi · CC0 · Wikimedia Commons;https://commons.wikimedia.org/wiki/File:S%C3%A3o_Jos%C3%A9_church_013.jpg;;-22.53581;-55.72891;
Ponta Porã nos anos 1970;Ponta Porã en los años 1970;memoria;Avenida Brasil, esquina com a Rua Baltazar Saldanha, nos anos 1970, com suas araucárias.;Avenida Brasil, esquina con la calle Baltazar Saldanha, en los años 1970, con sus araucarias.;anos 1970;ponta-pora-anos-1970.jpg;Nélio Alves de Oliveira · Public domain · Wikimedia Commons;https://commons.wikimedia.org/wiki/File:AraucariaemPP.jpg;;-22.53105;-55.73282;
Castelinho;Castelinho;historia;Prédio histórico construído pela Companhia Mate Laranjeira. Segundo a descrição desta foto de 1926, foi destinado a quartel do corpo militar de polícia, que na época usava cavalos.;Edificio histórico construido por la Compañía Mate Laranjeira. Según la descripción de esta foto de 1926, fue destinado a cuartel del cuerpo militar de policía, que en esa época usaba caballos.;1926;castelinho-1926.jpg;Albert Braud · Public domain · Wikimedia Commons;https://commons.wikimedia.org/wiki/File:AntigoCastelinho.jpg;;-22.52337;-55.73524;
Marco da fronteira;Hito de la frontera;marco;Coluna com os nomes Brasil e Paraguay que marca a divisa na linha internacional.;Columna con los nombres Brasil y Paraguay que marca el límite en la línea internacional.;;marco-da-fronteira.jpg;Cmasi · CC BY-SA 4.0 · Wikimedia Commons;https://commons.wikimedia.org/wiki/File:Border_milestone_in_Ponta_Pora.jpg;;-22.55856;-55.71041;
Avenida Internacional;Avenida Internacional;movimento;"Na cidade, a fronteira é chamada de “Linha”: do lado brasileiro, a Avenida Internacional; do lado paraguaio, a Calle Dr. Francia. Há comércio por toda a Linha.";"En la ciudad, la frontera se llama “la Línea”: del lado brasileño, la Avenida Internacional; del lado paraguayo, la calle Dr. Francia. Hay comercio a lo largo de toda la Línea.";;avenida-internacional.jpg;Cmasi · CC BY-SA 4.0 · Wikimedia Commons;https://commons.wikimedia.org/wiki/File:Avenida_Internacional_2.jpg;https://www.pontaporainforma.com.br/ponta-pora-fusao-de-cidades-fronteiricas-e-delicias-culturais/;-22.55824;-55.71402;
Parque dos Ervais;Parque dos Ervais;natureza;Na Avenida Brasil, região central de Ponta Porã: 70 mil m² com lagos, fonte luminosa, trilhas ecológicas, quadras poliesportivas e teatro de arena. Inaugurado em dezembro de 2012.;En la Avenida Brasil, zona central de Ponta Porã: 70 mil m² con lagos, fuente luminosa, senderos ecológicos, canchas polideportivas y teatro de arena. Inaugurado en diciembre de 2012.;2012;parque-dos-ervais.jpg;Renato Dorta (editada com IA);;https://www.campograndenews.com.br/politica/governador-inaugura-parque-dos-ervais-em-ponta-pora-nesta-sexta-feira;-22.55067;-55.71641;
Horto Florestal;Horto Florestal;natureza;Parque com pista de caminhada iluminada, campos de futebol, quadras de vôlei de areia, parquinho e academia ao ar livre.;Parque con pista de caminata iluminada, canchas de fútbol, canchas de vóley de arena, juegos infantiles y gimnasio al aire libre.;;horto-florestal.jpg;Renato Dorta (editada com IA);;https://www.pontaporainforma.com.br/horto-florestal-de-ponta-pora-e-o-local-mais-bonito-para-se-fazer-uma-caminhada/;-22.52581;-55.72002;
Cerro Memby;Cerro Memby;natureza;Morro de paredões avermelhados no distrito de Yby Yaú (Concepción), a 12 km da cidade. Tem 325 m de altitude e pode ser visto da Ruta 5, a estrada que liga Concepción a Pedro Juan Caballero.;Cerro de paredes rojizas en el distrito de Yby Yaú (Concepción), a 12 km del casco urbano. Tiene 325 m de altitud y puede verse desde la Ruta 5, que une Concepción con Pedro Juan Caballero.;;cerro-memby.jpg;Rodney Damián · CC BY-SA 3.0 · Wikimedia Commons;https://commons.wikimedia.org/wiki/File:Cerro_Memby_-_Coordillera_del_Amambay_-_panoramio.jpg;https://es.wikipedia.org/wiki/Cerro_Memby;-22.90549;-56.45236;
